mAP50,mAP50-95,precision,recall
0.9644265357786522,0.9063217053125667,0.9736896704011411,0.923384349524537
